Ascent Type,Route Grade,Ascent Grade,Route Height,Route Stars,Country,Crag Name,Crag Path,Quality,Ascent_day,Ascent_month,Ascent_year,cons_grade
Flash,6a+,6a+,10,2,France,Vosges du Nord,Vosges du Nord - Windstein - Capitaine Crochet,Very Good,9,11,2022,30
Red point,7a,7a,25,2,France,Vosges du Nord,Vosges du Nord - Windstein - Face sud,Mega Classic,9,9,2022,40
Red point,6c,6c,15,3,Austria,Latschenturm,Latschenturm - Wegseite,Classic,17,8,2022,36
Flash,6a+,6a+,15,1,Austria,Latschenturm,Latschenturm - Flache Seite,Good,17,8,2022,30
Red point,6c,6c,20,2,Austria,Oberried,Oberried - Springtime,Classic,16,8,2022,36
Flash,6c,5c,30,2,Austria,Oberried,Oberried - Pinoccio,Classic,16,8,2022,36
Flash,5c,5c,20,2,Austria,Oberried,Oberried - Türkischer Honig,Mega Classic,16,8,2022,24
Flash,8-,8-,20,1,Germany,Frankenjura Nord,Frankenjura Nord - Fränkische Schweiz - Mittleres Wiesenttal - Blechfass,Very Good,13,8,2022,38
Red point,7-,7-,15,1,Germany,Frankenjura Nord,Frankenjura Nord - Weißmain-Alb - Kleinziegenfeld - Diebesloch,Good,8,12,2022,30
Red point,8/8+,8,22,2,Germany,Frankenjura Nord,Frankenjura Nord - Fränkische Schweiz - Mittleres Wiesenttal - Blechfass,Classic,8,11,2022,41
Red point,7,7,17,1,Germany,Frankenjura Nord,Frankenjura Nord - Fränkische Schweiz - Mittleres Wiesenttal - Blechfass,Good,8,11,2022,32
Flash,6,6,18,1,Germany,Frankenjura Nord,Frankenjura Nord - Fränkische Schweiz - Mittleres Wiesenttal - Blechfass,Very Good,8,11,2022,24
Flash,7+/8-,8-,17,2,Germany,Frankenjura Nord,Frankenjura Nord - Fränkische Schweiz - Unteres Wiesenttal - Burggaillenreuth - Heinrichsgrotte - Links,Very Good,8,9,2022,36
Flash,7-,7-,18,2,Germany,Frankenjura Nord,Frankenjura Nord - Fränkische Schweiz - Ailsbachtal - Heldwand,Very Good,8,7,2022,30
Red point,7-,7-,13,1,Germany,Taunus,Taunus - Burg Hohlenfels - Burgwand,Good,31,7,2022,30
Red point,9-,9-,18,2,Germany,Taunus,Taunus - Burg Hohlenfels - Burgwand,Very Good,31,7,2022,46
Red point,7-,7-,22,2,Germany,Taunus,Taunus - Burg Hohlenfels - Burgwand,Mega Classic,17,7,2022,30
Flash,5+,5+,20,1,Germany,Frankenjura Nord,Frankenjura Nord - Fränkische Schweiz - Unteres Wiesenttal - Burggaillenreuth - Schlossbergzwilling,Classic,18,6,2022,20
Red point,8,8,17,2,Germany,Frankenjura Nord,Frankenjura Nord - Fränkische Schweiz - Unteres Wiesenttal - Burggaillenreuth - Schlossbergwand,Very Good,18,6,2022,40
Red point,8+,8+,18,2,Germany,Frankenjura Nord,Frankenjura Nord - Fränkische Schweiz - Mittleres Wiesenttal - Kalte Wand,Classic,17,6,2022,42
Red point,8-,8-,15,1,Germany,Frankenjura Nord,Frankenjura Nord - Fränkische Schweiz - Mittleres Wiesenttal - Enigma,Good,17,6,2022,38
Flash,6,6,15,2,Germany,Frankenjura Nord,Frankenjura Nord - Fränkische Schweiz - Mittleres Wiesenttal - Enigma,Classic,17,6,2022,24
Red point,8-/8,8-,10,2,Germany,Frankenjura Nord,Frankenjura Nord - Fränkische Schweiz - Weihersbachtal - Terra Australis,Very Good,16,6,2022,39
Red point,7-,7-,13,2,Germany,Hainstadt,Hainstadt,Classic,6,12,2022,30
Red point,8-,8-,16,2,Germany,Hainstadt,Hainstadt,Very Good,6,12,2022,38
Flash,6,6,25,1,Germany,Frankenjura Nord,Frankenjura Nord - Fränkische Schweiz - Unteres Trubachtal - Wichsenstein - Röthelfels - Main,Very Good,6,6,2022,24
Flash,6+,4+,35,2,Germany,Frankenjura Nord,Frankenjura Nord - Fränkische Schweiz - Unteres Trubachtal - Wichsenstein - Röthelfels - Main,Good,6,6,2022,28
Flash,7-,7-,13,2,Germany,Frankenjura Nord,Frankenjura Nord - Fränkische Schweiz - Unteres Wiesenttal - Burggaillenreuth - Schlosszwergwand,Very Good,6,5,2022,30
Red point,8-,8,10,2,Germany,Frankenjura Nord,Frankenjura Nord - Fränkische Schweiz - Unteres Wiesenttal - Burggaillenreuth - Schlosserei,Classic,6,5,2022,38
Red point,8-,8-,10,2,Germany,Frankenjura Nord,Frankenjura Nord - Fränkische Schweiz - Unteres Wiesenttal - Burggaillenreuth - Schlosserei,Very Good,6,5,2022,38
Flash,7-,7-,25,0,Germany,Frankenjura Nord,Frankenjura Nord - Fränkische Schweiz - Unteres Trubachtal - Wichsenstein - Röthelfels - Weiße Wand,Average,6,4,2022,30
Flash,7-,7-,25,2,Germany,Frankenjura Nord,Frankenjura Nord - Fränkische Schweiz - Unteres Trubachtal - Wichsenstein - Röthelfels - Weiße Wand,Classic,6,4,2022,30
Flash,8,8,22,2,Germany,Frankenjura Nord,Frankenjura Nord - Fränkische Schweiz - Unteres Trubachtal - Wichsenstein - Röthelfels - Weiße Wand,Very Good,6,4,2022,40
Red point,6b+,6b+,15,2,Switzerland,Fallenflue,Fallenflue - Silber,Classic,29,5,2022,34
Flash,5a+,5a+,20,2,Switzerland,Fallenflue,Fallenflue - Silber,Mega Classic,29,5,2022,21
Flash,6a,6a,20,2,Switzerland,Fallenflue,Fallenflue - Silber,Classic,29,5,2022,28
Flash,4b,5a,20,2,Switzerland,Chämiloch,Chämiloch - Hauptwand,Very Good,27,5,2022,16
Flash,6a,6a+,20,2,Switzerland,Chämiloch,Chämiloch - Hauptwand,Good,27,5,2022,28
Red point,7,7,20,2,Germany,Hainstadt,Hainstadt,Classic,5,7,2022,32
Red point,6+,6+,15,2,Germany,Hainstadt,Hainstadt,Very Good,5,7,2022,28
Red point,6+,6+,14,2,Germany,Hainstadt,Hainstadt,Classic,5,7,2022,28
Red point,6c,6c,25,2,Greece,Kalymnos,Kalymnos - Telendos - Irox,Very Good,16,4,2022,36
Red point,6b+,6b+,25,1,Greece,Kalymnos,Kalymnos - Telendos - Glaros,Very Good,16,4,2022,34
Flash,5c+,5c+,30,3,Greece,Kalymnos,Kalymnos - Emporios - Palace - Baby House,Classic,15,4,2022,26
Red point,7b,7b,16,2,Greece,Kalymnos,Kalymnos - Emporios - Palace - Palace Main,Very Good,15,4,2022,44
Flash,5c,5c,18,1,Greece,Kalymnos,Kalymnos - Emporios - Palace - Palace Main,Classic,15,4,2022,24
Flash,6b,6b,25,2,Greece,Kalymnos,Kalymnos - Emporios - Palace - Palace Main,Mega Classic,15,4,2022,32
Flash,6a+,6a+,12,0,Greece,Kalymnos,Kalymnos - Emporios - Palace - Baby House,Very Good,13,4,2022,30
Red point,7a,7a,20,2,Greece,Kalymnos,Kalymnos - Emporios - Palace - Baby House,Classic,13,4,2022,40
Flash,5c,5c,15,1,Greece,Kalymnos,Kalymnos - Arginonta - Noufaro - Upper Noufaro,Good,4,12,2022,24
Flash,6a,6a,20,2,Greece,Kalymnos,Kalymnos - Skalia - Ghost Kitchen - Atlantis,Classic,4,10,2022,28
Red point,7b+,7b+,15,3,Greece,Kalymnos,Kalymnos - Skalia - Ghost Kitchen - Utopia,Classic,4,10,2022,46
Flash,5b+,5b+,20,2,Greece,Kalymnos,Kalymnos - Arginonta - Arginonta Valley - Alani Wall,Very Good,4,8,2022,23
Flash,5c,5c,20,1,Greece,Kalymnos,Kalymnos - Arginonta - Arginonta Valley - Right Wall,Good,4,8,2022,24
Red point,7a+,7a+,18,2,Greece,Kalymnos,Kalymnos - Arginonta - Arginonta Valley - Diagoras Cave,Classic,4,8,2022,42
Red point,6c+,6c+,16,1,Greece,Kalymnos,Kalymnos - Arginonta - Arginonta Valley - Diagoras Cave,Very Good,4,8,2022,38
Red point,7a+,7a+,12,2,Greece,Kalymnos,Kalymnos - Armeos - Grande Grotta,Very Good,4,7,2022,42
Red point,7a,7a,20,3,Greece,Kalymnos,Kalymnos - Armeos - Grande Grotta,Very Good,4,7,2022,40
Flash,6a+,6a+,15,1,Greece,Kalymnos,Kalymnos - Armeos - Odyssey,Very Good,4,5,2022,30
Red point,7a+,7a+,18,2,Greece,Kalymnos,Kalymnos - Armeos - Odyssey,Very Good,4,4,2022,42
Flash,5c,5c,18,1,Greece,Kalymnos,Kalymnos - Armeos - Odyssey,Good,4,4,2022,24
Flash,6a+,6a+,28,1,Greece,Kalymnos,Kalymnos - Armeos - Odyssey,Good,4,4,2022,30
Flash,6b/b+,6b+,18,2,Greece,Kalymnos,Kalymnos - Palionisos - Heroes,Mega Classic,4,3,2022,33
Flash,6a+,6a+,16,0,Greece,Kalymnos,Kalymnos - Palionisos - Heroes,Good,4,3,2022,30
Flash,6b,6b,16,3,Greece,Kalymnos,Kalymnos - Palionisos - Heroes,Mega Classic,4,3,2022,32
Flash,6a,6a,18,0,Greece,Kalymnos,Kalymnos - Palionisos - Heroes,Good,4,3,2022,28
Red point,7+,7+,20,2,Germany,Hainstadt,Hainstadt,Good,31,10,2021,34
Red point,8-,8-,13,2,Germany,Hainstadt,Hainstadt,Classic,31,10,2021,38
Red point,7+,7+,20,3,Germany,Ziegelhausen,Ziegelhausen - Ziegelhausen II,Very Good,16,10,2021,34
Flash,7-,7-,20,3,Germany,Ziegelhausen,Ziegelhausen - Ziegelhausen II,Classic,16,10,2021,30
Red point,6b+,6b+,8,2,France,Vosges du Sud,Vosges du Sud - Gueberschwihr - Nouveau Gueberschwihr - Secteur Rudy + Départ Coton,Very Good,10,2,2021,34
Red point,6b+,6b+,14,1,France,Vosges du Sud,Vosges du Sud - Gueberschwihr - Nouveau Gueberschwihr - Secteur Rudy + Départ Coton,Very Good,10,2,2021,34
Flash,6b+,6b+,20,2,France,Vosges du Sud,Vosges du Sud - Gueberschwihr - Nouveau Gueberschwihr - La Carrière,Classic,10,2,2021,34
Red point,6a+,6a+,15,2,France,Vosges du Nord,Vosges du Nord - Windstein - Cryptospit,Very Good,28,9,2021,30
Flash,6b,6b,12,1,France,Vosges du Nord,Vosges du Nord - Landersberg - Landersberg nouveau,Very Good,25,9,2021,32
Red point,6b,6b,12,1,France,Vosges du Nord,Vosges du Nord - Landersberg - Landersberg nouveau,Very Good,25,9,2021,32
Flash,6a+,6a+,26,2,Luxembourg,Berdorf,Berdorf - Was Not Was,Very Good,19,9,2021,30
Red point,6c,6c+,22,3,Luxembourg,Berdorf,Berdorf - Infernale,Very Good,19,9,2021,36
Red point,7a+,7a,27,2,Luxembourg,Berdorf,Berdorf - Gentiane,Very Good,18,9,2021,42
Flash,5c+,5c+,25,3,Luxembourg,Berdorf,Berdorf - Gentiane,Mega Classic,18,9,2021,26
Flash,5c+,6a,25,2,Luxembourg,Berdorf,Berdorf - Gentiane,Very Good,18,9,2021,26
Red point,8-,8-,24,2,Germany,Hainstadt,Hainstadt,Classic,9,4,2021,38
Flash,6b+,6b+,10,2,Spain,Rodellar,Rodellar - Furia Latina,Very Good,25,8,2021,34
Flash,6a,6a,10,1,Spain,Rodellar,Rodellar - Rigole,Good,25,8,2021,28
Flash,6a,6a,10,2,Spain,Rodellar,Rodellar - Rigole,Very Good,25,8,2021,28
Flash,4c,4c,12,0,Spain,Rodellar,Rodellar - Rigole,Very Good,25,8,2021,18
Red point,7a+,7a+,17,3,Spain,Rodellar,Rodellar - Boulder Del Jon,Mega Classic,24,8,2021,42
Flash,6c,6c,12,2,Spain,Rodellar,Rodellar - Boulder Del Jon,Very Good,22,8,2021,36
Flash,6b,6b,10,1,Spain,Rodellar,Rodellar - Furia Latina,Very Good,21,8,2021,32
Flash,6b+,6b+,10,1,Spain,Rodellar,Rodellar - Furia Latina,Very Good,21,8,2021,34
Red point,6a+,6a+,17,1,Spain,Rodellar,Rodellar - La Fuente,Very Good,21,8,2021,30
Red point,6c+,6c+,23,3,Spain,Rodellar,Rodellar - Bisagra,Classic,19,8,2021,38
Flash,6a,6a,20,1,Spain,Rodellar,Rodellar - Bikini,Very Good,17,8,2021,28
Red point,7-,6+,21,2,Germany,Annweiler Gebiet,Annweiler Gebiet - Münzfels,Very Good,7,3,2021,30
Red point,7+,7+,15,2,Germany,Frankenjura Nord,Frankenjura Nord - Weißmain-Alb - Kleinziegenfeld - Lichtenfelser Dach,Very Good,27,6,2021,34
Flash,6,6,15,1,Germany,Frankenjura Nord,Frankenjura Nord - Weißmain-Alb - Kleinziegenfeld - Ziegenfelder Wände,Classic,27,6,2021,24
Flash,7-,7-,15,1,Germany,Frankenjura Nord,Frankenjura Nord - Weißmain-Alb - Kleinziegenfeld - Ziegenfelder Wände,Very Good,27,6,2021,30
Flash,7,7,15,1,Germany,Frankenjura Nord,Frankenjura Nord - Weißmain-Alb - Kleinziegenfeld - Diebesloch,Very Good,26,6,2021,32
Flash,7-,7-,15,1,Germany,Frankenjura Nord,Frankenjura Nord - Weißmain-Alb - Kleinziegenfeld - Diebesloch,Good,26,6,2021,30
Red point,8+/9-,8+,15,2,Germany,Frankenjura Nord,Frankenjura Nord - Weißmain-Alb - Kleinziegenfeld - Diebesloch,Very Good,26,6,2021,44
Red point,8,8,18,2,Germany,Bessenbach,Bessenbach - Dschungelbuch,Very Good,6,12,2021,40
Red point,6,6,20,2,Germany,Bessenbach,Bessenbach - Schutthalde,Very Good,6,12,2021,24
Flash,7,7,10,1,Germany,Frankenjura Nord,"Frankenjura Nord - Fränkische Schweiz - Graisch, Leienfels, Bärnfels - Soranger Wand",Very Good,6,4,2021,32
Red point,8-,8-,12,2,Germany,Frankenjura Nord,Frankenjura Nord - Fränkische Schweiz - Obertrubach - Grüne Hölle - Main,Classic,6,4,2021,38
Flash,7,7,10,2,Germany,Frankenjura Nord,Frankenjura Nord - Fränkische Schweiz - Obertrubach - Grüne Hölle - Main,Very Good,6,4,2021,32
Flash,7,7,13,2,Germany,Frankenjura Nord,Frankenjura Nord - Fränkische Schweiz - Obertrubach - Grüne Hölle - Upper part,Very Good,6,4,2021,32
Flash,6+,6+,15,1,Germany,Frankenjura Nord,Frankenjura Nord - Fränkische Schweiz - Pottenstein - Marientaler Wand - Upper Sector,Average,6,3,2021,28
Red point,8,8,10,1,Germany,Frankenjura Nord,Frankenjura Nord - Fränkische Schweiz - Pottenstein - Marientaler Wand - Upper Sector,Good,6,3,2021,40
Flash,7-,7-,10,2,Germany,Frankenjura Nord,Frankenjura Nord - Fränkische Schweiz - Pottenstein - Marientaler Wand - Upper Sector,Good,6,3,2021,30
Flash,7a,7a,15,3,Luxembourg,Berdorf,Berdorf - Takla Makan,Classic,30,5,2021,40
Red point,6c+,6c+,22,2,Luxembourg,Berdorf,Berdorf - Bleausarde,Very Good,30,5,2021,38
Flash,6b,6b,18,2,Luxembourg,Berdorf,Berdorf - Remoise,Very Good,30,5,2021,32
Flash,5b+,5b+,18,2,Luxembourg,Berdorf,Berdorf - Lionel Terray,Very Good,30,5,2021,23
Red point,7a,7a,24,2,Luxembourg,Berdorf,Berdorf - Bleausarde,Very Good,29,5,2021,40
Flash,4c,4b,30,2,Luxembourg,Berdorf,Berdorf - Gentiane,Very Good,29,5,2021,18
Flash,6b+,6b+,27,2,Luxembourg,Berdorf,Berdorf - Isatis,Very Good,29,5,2021,34
Flash,7-,7-,10,1,Germany,Frankenjura Nord,Frankenjura Nord - Fränkische Schweiz - Unteres Püttlachtal - Amerikanische Botschaft,Very Good,24,5,2021,30
Red point,8-,8-,10,2,Germany,Frankenjura Nord,Frankenjura Nord - Fränkische Schweiz - Unteres Püttlachtal - Amerikanische Botschaft,Very Good,24,5,2021,38
Red point,8-,8-,20,2,Germany,Frankenjura Nord,Frankenjura Nord - Fränkische Schweiz - Unteres Püttlachtal - Amerikanische Botschaft,Very Good,24,5,2021,38
Flash,7,7,10,1,Germany,Frankenjura Nord,Frankenjura Nord - Weißmain-Alb - Kleinziegenfeld - Geierwand,Very Good,23,5,2021,32
Flash,7,7,10,1,Germany,Frankenjura Nord,Frankenjura Nord - Weißmain-Alb - Kleinziegenfeld - Geierwand,Good,23,5,2021,32
Flash,8-,8-,10,1,Germany,Frankenjura Nord,Frankenjura Nord - Weißmain-Alb - Kleinziegenfeld - Geierwand,Very Good,23,5,2021,38
Flash,7+,7+,15,1,Germany,Frankenjura Nord,Frankenjura Nord - Weißmain-Alb - Kleinziegenfeld - Bauernschmitt Gedenkwand,Good,22,5,2021,34
Flash,7-,7-,20,1,Germany,Frankenjura Nord,Frankenjura Nord - Weißmain-Alb - Kleinziegenfeld - Toni Schmid Gedenkwand,Good,22,5,2021,30
Flash,6,6,10,2,Germany,Frankenjura Nord,Frankenjura Nord - Fränkische Schweiz - Ailsbachtal - Rabenstein,Good,15,5,2021,24
Red point,8-,8-,11,2,Germany,Frankenjura Nord,Frankenjura Nord - Weißmain-Alb - Kleinziegenfeld - Geierwand,Classic,14,5,2021,38
Red point,8/8+,8+,12,2,Germany,Frankenjura Nord,Frankenjura Nord - Weißmain-Alb - Kleinziegenfeld - Geierwand,Very Good,14,5,2021,41
Red point,8,8,10,2,Germany,Frankenjura Nord,Frankenjura Nord - Weißmain-Alb - Kleinziegenfeld - Geierwand,Very Good,14,5,2021,40
Flash,7,7,11,1,Germany,Frankenjura Nord,Frankenjura Nord - Weißmain-Alb - Kleinziegenfeld - Geierwand,Very Good,14,5,2021,32
Red point,7a,7a,27,2,Luxembourg,Berdorf,Berdorf - Nikita,Very Good,5,2,2021,40
Flash,6b+,6a,16,1,Luxembourg,Berdorf,Berdorf - Tempête,Good,5,2,2021,34
Flash,5c,5c,16,2,Luxembourg,Berdorf,Berdorf - Takla Makan,Very Good,5,2,2021,24
Flash,6b+,6b+,15,2,Luxembourg,Berdorf,Berdorf - Takla Makan,Good,5,1,2021,34
Flash,6c+,6c+,21,2,Luxembourg,Berdorf,Berdorf - Remoise,Very Good,26,4,2021,38
Red point,6b,6b,27,3,Luxembourg,Berdorf,Berdorf - Gentiane,Classic,25,4,2021,32
Flash,6b+,6b+,27,3,Luxembourg,Berdorf,Berdorf - Isatis,Very Good,24,4,2021,34
Flash,6a+,6a,26,3,Luxembourg,Berdorf,Berdorf - Minimops,Very Good,24,4,2021,30
Flash,6a,6a,26,2,Luxembourg,Berdorf,Berdorf - Free Reality,Very Good,4,2,2021,28
Red point,6c,6c,25,2,Luxembourg,Berdorf,Berdorf - Free Reality,Very Good,4,2,2021,36
Flash,5c,5c,18,2,Luxembourg,Berdorf,Berdorf - Lionel Terray,Classic,4,1,2021,24
Flash,5c+,5b,20,1,Luxembourg,Berdorf,Berdorf - Lionel Terray,Very Good,4,1,2021,26
Red point,6b+,6b+,21,2,Luxembourg,Berdorf,Berdorf - Remoise,Very Good,4,1,2021,34
Flash,7a,7a,21,3,Luxembourg,Berdorf,Berdorf - Remoise,Very Good,4,1,2021,40
Red point,8,8,14,2,Germany,Frankenjura Nord,Frankenjura Nord - Fränkische Schweiz - Oberes Wiesenttal - Treunitzer Klettergarten,Very Good,30,3,2021,40
Flash,6,6,13,2,Germany,Frankenjura Nord,Frankenjura Nord - Fränkische Schweiz - Oberes Wiesenttal - Treunitzer Klettergarten,Very Good,30,3,2021,24
Flash,6-,6-,13,2,Germany,Frankenjura Nord,Frankenjura Nord - Fränkische Schweiz - Oberes Wiesenttal - Treunitzer Klettergarten,Good,30,3,2021,22
Flash,7,7,12,1,Germany,Frankenjura Nord,Frankenjura Nord - Fränkische Schweiz - Oberes Wiesenttal - Treunitzer Klettergarten,Very Good,30,3,2021,32
Flash,6,6,7,1,Germany,Frankenjura Nord,Frankenjura Nord - Fränkische Schweiz - Mittleres Wiesenttal - Andeltodrom,Good,29,3,2021,24
Flash,6+,6+,7,1,Germany,Frankenjura Nord,Frankenjura Nord - Fränkische Schweiz - Mittleres Wiesenttal - Andeltodrom,Good,29,3,2021,28
Red point,8-,8-,10,2,Germany,Frankenjura Nord,Frankenjura Nord - Fränkische Schweiz - Mittleres Wiesenttal - Andeltodrom,Good,29,3,2021,38
Flash,6,6,14,1,Germany,Lenninger Alb,Lenninger Alb - Kesselwand - Nebenfels,Good,21,2,2021,24
Flash,6+,6+,20,3,Germany,Lenninger Alb,Lenninger Alb - Kesselwand - Alte Kesselwand,Very Good,20,2,2021,28
Red point,8-,8-,30,3,Germany,Lenninger Alb,Lenninger Alb - Kesselwand - Alte Kesselwand,Classic,20,2,2021,38
Red point,7-,7-,20,2,Germany,Schriesheim,Schriesheim - 4. Wandstufe,Very Good,14,2,2021,30
Red point,6,6,22,1,Germany,Schriesheim,Schriesheim - 4. Wandstufe,Good,14,2,2021,24
Red point,6,6,17,2,Germany,Schriesheim,Schriesheim - 4. Wandstufe,Very Good,14,2,2021,24
Red point,7+,7+,20,2,Germany,Bessenbach,Bessenbach - Schutthalde,Very Good,19,12,2020,34
Red point,5,5,11,2,Germany,Bessenbach,Bessenbach - Amphitheater,Good,31,10,2020,18
Red point,8+/9-,8+,15,2,Germany,Hainstadt,Hainstadt,Very Good,17,10,2020,44
Red point,8-,8-,6,2,Germany,Frankenjura Nord,Frankenjura Nord - Fränkische Schweiz - Mittleres Wiesenttal - Harry Potter Wand,Classic,13,9,2020,38
Flash,6+,6+,8,1,Germany,Frankenjura Nord,Frankenjura Nord - Fränkische Schweiz - Mittleres Wiesenttal - Harry Potter Wand,Good,13,9,2020,28
Red point,8-,8-,10,2,Germany,Frankenjura Nord,Frankenjura Nord - Fränkische Schweiz - Mittleres Wiesenttal - Harry Potter Wand,Classic,13,9,2020,38
Red point,7+,7+,10,2,Germany,Frankenjura Nord,Frankenjura Nord - Fränkische Schweiz - Mittleres Wiesenttal - Harry Potter Wand,Classic,13,9,2020,34
Red point,7+,7+,14,2,Germany,Frankenjura Nord,Frankenjura Nord - Weißmain-Alb - Kleinziegenfeld - Diebesloch,Very Good,9,12,2020,34
Flash,6,6+,18,2,Germany,Frankenjura Nord,Frankenjura Nord - Fränkische Schweiz - Nankendorf - Freudenhaus,Classic,9,11,2020,24
Red point,7,7,15,2,Germany,Frankenjura Nord,Frankenjura Nord - Fränkische Schweiz - Nankendorf - Freudenhaus,Very Good,9,11,2020,32
Flash,7+,7+,15,2,Germany,Frankenjura Nord,Frankenjura Nord - Weißmain-Alb - Kleinziegenfeld - Lichtenfelser Dach,Very Good,9,10,2020,34
Flash,7+,7+,15,2,Germany,Frankenjura Nord,Frankenjura Nord - Weißmain-Alb - Kleinziegenfeld - Ziegenfelder Wände,Very Good,9,10,2020,34
Flash,7,7,15,2,Germany,Frankenjura Nord,Frankenjura Nord - Weißmain-Alb - Kleinziegenfeld - Ziegenfelder Wände,Very Good,9,10,2020,32
Red point,6c,6c,22,2,Luxembourg,Berdorf,Berdorf - Tempête,Good,30,8,2020,36
Red point,7a+,7a+,19,3,Luxembourg,Berdorf,Berdorf - Nikita,Classic,30,8,2020,42
Red point,6b+,7a,12,2,Luxembourg,Berdorf,Berdorf - Infernale,Very Good,30,8,2020,34
Flash,6b,6b,27,3,Luxembourg,Berdorf,Berdorf - Was Not Was,Mega Classic,29,8,2020,32
Red point,6b,6b,14,3,Luxembourg,Berdorf,Berdorf - Infernale,Very Good,29,8,2020,32
Flash,6a+,6a+,22,1,Luxembourg,Berdorf,Berdorf - Infernale,Very Good,28,8,2020,30
Red point,8-,8-,12,2,Germany,Frankenjura Nord,Frankenjura Nord - Weißmain-Alb - Kleinziegenfeld - Aquarium,Very Good,8,9,2020,38
Red point,7+,7+,12,2,Germany,Frankenjura Nord,Frankenjura Nord - Weißmain-Alb - Kleinziegenfeld - Aquarium,Very Good,8,9,2020,34
Flash,6,6,12,1,Germany,Frankenjura Nord,Frankenjura Nord - Weißmain-Alb - Kleinziegenfeld - Aquarium,Good,8,9,2020,24
Flash,6+,6+,12,1,Germany,Frankenjura Nord,Frankenjura Nord - Fränkische Schweiz - Oberes Wiesenttal - Neidensteiner Wand,Good,8,8,2020,28
Flash,7+,8-,12,2,Germany,Frankenjura Nord,Frankenjura Nord - Fränkische Schweiz - Oberes Wiesenttal - Neidensteiner Wand,Very Good,8,8,2020,34
Red point,7+,7+,12,2,Germany,Frankenjura Nord,Frankenjura Nord - Fränkische Schweiz - Oberes Wiesenttal - Neidensteiner Wand,Classic,8,8,2020,34
Flash,7,7,14,2,Germany,Frankenjura Nord,Frankenjura Nord - Weißmain-Alb - Kleinziegenfeld - Diebesloch,Very Good,8,7,2020,32
Flash,8,8,15,2,Germany,Frankenjura Nord,Frankenjura Nord - Weißmain-Alb - Kleinziegenfeld - Diebesloch,Very Good,8,7,2020,40
Flash,7+,7+,17,2,Germany,Frankenjura Nord,Frankenjura Nord - Weißmain-Alb - Kleinziegenfeld - Diebesloch,Very Good,8,7,2020,34
Flash,8-,8-,13,2,Germany,Frankenjura Nord,Frankenjura Nord - Weißmain-Alb - Kleinziegenfeld - Diebesloch,Very Good,8,7,2020,38
Flash,6+/7-,6+,25,3,Germany,Reinhäuser Wald,Reinhäuser Wald - Reinhausen - Hauwand,Mega Classic,8,1,2020,29
Flash,6,6,25,3,Germany,Reinhäuser Wald,Reinhäuser Wald - Reinhausen - Rote Wand,Classic,31,7,2020,24
Red point,8-,8-,25,2,Germany,Hainstadt,Hainstadt,Classic,19,7,2020,38
Flash,6+,6+,25,2,Germany,Donautal,Donautal - Hausener Felsen - Fuchsfels - Metaxa,Mega Classic,7,12,2020,28
Flash,6+,6+,15,2,Germany,Donautal,Donautal - Hausener Felsen - Dritte Zinne,Classic,7,12,2020,28
Flash,6+,6-,35,3,Germany,Donautal,Donautal - Hausener Felsen - Dritte Zinne,Mega Classic,7,12,2020,28
Red point,6b+,6b+,15,2,France,Vosges du Nord,Vosges du Nord - Windstein - Cryptospit,Very Good,7,7,2020,34
Red point,6a,6a,20,2,France,Vosges du Nord,Vosges du Nord - Windstein - La bauge,Classic,7,7,2020,28
Flash,6a,6a,8,2,France,Vosges du Nord,Vosges du Nord - Langenfels - Nobody is perfect,Very Good,7,4,2020,28
Flash,6c+,6c+,30,2,France,Vosges du Nord,Vosges du Nord - Langenfels - La grande Tour,Classic,7,4,2020,38
Flash,7-,7-,13,1,Germany,Taunus,Taunus - Burg Hohlenfels - Burgwand,Very Good,26,6,2020,30
Red point,7-,7-,22,2,Germany,Taunus,Taunus - Burg Hohlenfels - Burgwand,Mega Classic,26,6,2020,30
Red point,8-,8-,12,2,Germany,Taunus,Taunus - Burg Hohlenfels - Burgwand,Classic,26,6,2020,38
Red point,6+,6+,14,2,Germany,Hainstadt,Hainstadt,Classic,25,6,2020,28
Red point,7+,7+,13,1,Germany,Hainstadt,Hainstadt,Good,13,6,2020,34
Red point,6+,6+,15,2,Germany,Hainstadt,Hainstadt,Very Good,6,7,2020,28
Red point,7,7,20,2,Germany,Hainstadt,Hainstadt,Very Good,6,7,2020,32
Flash,6-,6-,10,2,Germany,Reinhäuser Wald,Reinhäuser Wald - Reinhausen - Koloss,Very Good,19,5,2020,22
Flash,7-,7-,13,2,Germany,Taunus,Taunus - Burg Hohlenfels - Burgwand,Very Good,19,4,2020,30
Red point,8-,8-,12,2,Germany,Taunus,Taunus - Burg Hohlenfels - Burgwand,Classic,19,4,2020,38
Flash,6/6+,6,14,1,Germany,Taunus,Taunus - Burg Hohlenfels - Burgwand,Very Good,19,4,2020,26
Red point,8-/8,8-,13,2,Germany,Taunus,Taunus - Burg Hohlenfels - Burgwand,Very Good,18,4,2020,39
Flash,6-,6-,13,2,Germany,Taunus,Taunus - Burg Hohlenfels - Burgwand,Very Good,18,4,2020,22
Red point,7,7,10,2,Germany,Taunus,Taunus - Burg Hohlenfels - Burgwand,Classic,18,4,2020,32
Flash,7-,7-,22,2,Germany,Taunus,Taunus - Burg Hohlenfels - Burgwand,Mega Classic,18,4,2020,30
Flash,7-,7-,10,2,Germany,Taunus,Taunus - Grauer Stein - Westwand,Very Good,4,3,2020,30
Red point,6+,6+,15,2,Germany,Hainstadt,Hainstadt,Very Good,18,3,2020,28
Red point,8-,8-,13,2,Germany,Hainstadt,Hainstadt,Classic,18,3,2020,38
Red point,7,7,14,2,Germany,Todtnauer Klettergarten,Todtnauer Klettergarten - Schwimmbadfels,Very Good,15,3,2020,32
Flash,6+,6+,10,1,Germany,Todtnauer Klettergarten,Todtnauer Klettergarten - Schwimmbadfels,Good,15,3,2020,28
Flash,5c,5c,20,2,Italy,Nago,Nago - Belvedere - Sector B,Classic,10,4,2019,24
Flash,5c,5c,22,1,Italy,Nago,Nago - Belvedere - Sector B,Very Good,10,3,2019,24
Red point,7a+,7a+,15,2,Italy,Nago,Nago - Belvedere - Sector B,Classic,10,3,2019,42
Red point,6c+,6c+,50,3,Italy,Valle del Sarca,Valle del Sarca - San Siro - C,Mega Classic,10,1,2019,38
Flash,6b,6b,20,2,Italy,Valle del Sarca,Valle del Sarca - San Siro - B,Very Good,10,1,2019,32
Flash,5b,5b,12,2,Italy,Nago,Nago - Massi delle Traole - Peter Pan,Good,30,9,2019,22
Red point,6b,6b,7,2,Italy,Nago,Nago - Massi delle Traole - Pippi Calzelunghe,Very Good,30,9,2019,32
Flash,6b+,6b+,6,3,Italy,Nago,Nago - Massi delle Traole - Pippi Calzelunghe,Classic,30,9,2019,34
Flash,6a,6a,22,2,Italy,Nago,Nago - Belvedere - Sector B,Very Good,27,9,2019,28
Flash,6b,6b,16,2,Italy,Nago,Nago - Belvedere - Sector B,Classic,27,9,2019,32
Red point,6a,6a,25,3,Italy,Nago,Nago - Falesia Segrom - Sector B,Very Good,26,9,2019,28
Flash,6a+,6a+,25,2,Italy,Nago,Nago - Falesia Segrom - Sector B,Very Good,26,9,2019,30
Flash,6b+,6b+,30,3,Italy,Nago,Nago - Falesia Segrom - Sector B,Mega Classic,26,9,2019,34
Flash,6-,6-,150,2,Italy,Valle del Sarca,Valle del Sarca - Monte Colt - San Paolo - Parete di San Paolo - Nord,Good,25,9,2019,22
Red point,6b+,6b+,25,2,Italy,Regina del Lago,Regina del Lago - Sector C,Very Good,24,9,2019,34
Flash,6a+,6a+,100,3,Italy,Regina del Lago,Regina del Lago - Seconda Fascia,Very Good,24,9,2019,30
Flash,5c,5c,15,2,Italy,Nago,Nago - Falesia Segrom - Sector A,Good,22,9,2019,24
Flash,5b,5b,15,1,Italy,Nago,Nago - Falesia Segrom - Sector A,Very Good,22,9,2019,22
Flash,6a,6a,15,2,Italy,Nago,Nago - Falesia Segrom - Sector A,Classic,22,9,2019,28
Flash,5,5,12,1,Germany,Reinhäuser Wald,Reinhäuser Wald - Reinhausen - Knubbelwand,Very Good,15,9,2019,18
Flash,6-,6-,20,1,Germany,Ziegelhausen,Ziegelhausen - Ziegelhausen II,Very Good,25,8,2019,22
Red point,5b,5b,12,2,France,Vosges du Nord,Vosges du Nord - Château du Waldeck - Les mains noires,Mega Classic,8,11,2019,22
Flash,6a+,6a+,18,2,France,Vosges du Nord,Vosges du Nord - Château du Waldeck - Les mains noires,Classic,8,11,2019,30
Flash,6a+,6a+,18,2,France,Vosges du Nord,Vosges du Nord - Château du Waldeck - Les mains noires,Good,8,11,2019,30
Red point,7a+,7a+,15,2,France,Vosges du Nord,Vosges du Nord - Château du Waldeck - Les mains noires,Classic,8,10,2019,42
Red point,5b+,5b+,12,1,France,Vosges du Nord,Vosges du Nord - Château du Waldeck - Les mains noires,Very Good,8,10,2019,23
Red point,6+,6+,20,2,Germany,Bessenbach,Bessenbach - Schutthalde,Very Good,29,7,2019,28
Red point,6,6,20,2,Germany,Bessenbach,Bessenbach - Schutthalde,Very Good,29,7,2019,24
Flash,5b,5b,12,2,France,Vosges du Nord,Vosges du Nord - Château du Waldeck - Les mains noires,Mega Classic,31,5,2019,22
Red point,6+,6+,25,3,Germany,Hainstadt,Hainstadt,Mega Classic,5,5,2019,28
Red point,8-,8-,24,2,Germany,Hainstadt,Hainstadt,Classic,5,5,2019,38
Red point,6b,6b,20,2,France,Vosges du Nord,Vosges du Nord - Windstein - La bauge,Very Good,5,3,2019,32
Flash,6a,6a,20,2,France,Vosges du Nord,Vosges du Nord - Windstein - La bauge,Classic,5,3,2019,28
Red point,7a,7a,25,3,France,Vosges du Nord,Vosges du Nord - Windstein - Les douves (haut),Classic,5,3,2019,40
Red point,5b,5b,10,1,France,Vosges du Nord,Vosges du Nord - Windstein - Cryptospit,Very Good,5,3,2019,22
Red point,6a+,6a+,15,2,France,Vosges du Nord,Vosges du Nord - Windstein - Cryptospit,Very Good,5,3,2019,30
Red point,6a+,6a+,15,2,France,Vosges du Nord,Vosges du Nord - Windstein - Cryptospit,Very Good,5,2,2019,30
Flash,5b,5b,15,3,France,Vosges du Midi,Vosges du Midi - Le Saut du Prince Charles - Rocher du haut,Classic,15,4,2019,22
Red point,5,5,11,2,Germany,Bessenbach,Bessenbach - Amphitheater,Very Good,4,7,2019,18
Red point,7+,7+,20,2,Germany,Bessenbach,Bessenbach - Amphitheater,Very Good,4,6,2019,34
Red point,6-,6-,13,1,Germany,Hainstadt,Hainstadt,Good,17,2,2019,22
Red point,6+,6+,15,2,Germany,Hainstadt,Hainstadt,Very Good,17,2,2019,28
Red point,7-,7-,15,2,Germany,Hainstadt,Hainstadt,Very Good,17,2,2019,30
Red point,6c+,6c+,12,2,Spain,Tenerife,Tenerife - North - Vistamar,Very Good,30,12,2018,38
Flash,5b,5,10,1,Spain,Tenerife,Tenerife - North - Vistamar,Good,30,12,2018,22
Red point,6b+,6b+,20,2,Spain,Tenerife,Tenerife - South - Planeta Zarza - Jupiter,Classic,29,12,2018,34
Flash,6a,6b,20,2,Spain,Tenerife,Tenerife - South - Planeta Zarza - Saturno,Good,29,12,2018,28
Flash,5c,5,20,2,Spain,Tenerife,Tenerife - Parque Nacional del Teide - Cañada del Capricho - Aureola,Very Good,27,12,2018,24
Flash,6a+,6a+,25,2,Spain,Tenerife,Tenerife - South - El Rio - Presa,Very Good,25,12,2018,30
Flash,6a/a+,6a,15,2,Spain,Tenerife,Tenerife - North - Vistamar,Classic,24,12,2018,29
Flash,6b+/c,6b+,13,1,Spain,Tenerife,Tenerife - North - Vistamar,Very Good,24,12,2018,35
Flash,6b+,6b+,22,3,Spain,Tenerife,Tenerife - South - Planeta Zarza - Saturno,Mega Classic,23,12,2018,34
Flash,5c,6a,20,2,Spain,Tenerife,Tenerife - South - Planeta Zarza - Saturno,Very Good,23,12,2018,24
Flash,6a,6a,14,2,Spain,Tenerife,Tenerife - South - Planeta Zarza - Saturno,Classic,21,12,2018,28
Flash,6a+,6a+,16,2,Spain,Tenerife,Tenerife - South - Arico Arriba - Vivac Derecha,Very Good,20,12,2018,30
Flash,5b,5,22,2,Spain,Tenerife,Tenerife - South - Arico Arriba - Vivac Derecha,Good,20,12,2018,22
Flash,6a+,6b,16,3,Spain,Tenerife,Tenerife - North - Vistamar,Mega Classic,18,12,2018,30
Flash,6a+,6a+,12,2,Spain,Tenerife,Tenerife - North - Vistamar,Classic,18,12,2018,30
Flash,6a,6a,12,2,Spain,Tenerife,Tenerife - South - Arico Arriba - Sus Villa,Good,16,12,2018,28
Red point,5c,5+,10,2,Spain,Tenerife,Tenerife - South - Arico Arriba - Sus Villa,Good,16,12,2018,24
Flash,6a,5c,20,2,Spain,Tenerife,Tenerife - South - Arico Arriba - Pena del Lunes,Very Good,16,12,2018,28
Flash,6b,6b,10,2,Spain,Tenerife,Tenerife - South - Arico Arriba - Pena del Lunes,Classic,16,12,2018,32
Red point,6c,6c,18,2,Spain,Tenerife,Tenerife - South - Arico Arriba - Pena del Lunes,Classic,16,12,2018,36
Flash,6b+,6b+,18,3,Spain,Tenerife,Tenerife - South - Arico Abajo - Pepino,Mega Classic,16,12,2018,34
Red point,6,6,15,1,Germany,Hainstadt,Hainstadt,Very Good,11,4,2018,24
Red point,7+/8-,8-,14,2,Germany,Hainstadt,Hainstadt,Very Good,11,4,2018,36
Red point,6+,6+,14,2,Germany,Hainstadt,Hainstadt,Classic,20,10,2018,28
Red point,6-,6-,13,1,Germany,Hainstadt,Hainstadt,Average,20,10,2018,22
Red point,7-,7-,15,2,Germany,Hainstadt,Hainstadt,Very Good,14,10,2018,30
Red point,8-/8,8,14,2,Germany,Hainstadt,Hainstadt,Very Good,14,10,2018,39
Red point,6+,6+,14,2,Germany,Hainstadt,Hainstadt,Classic,14,10,2018,28
Flash,4+,4+,15,1,Germany,Hainstadt,Hainstadt,Good,10,10,2018,15
Flash,7-,7-,15,2,Germany,Hainstadt,Hainstadt,Very Good,10,10,2018,30
Flash,6+,6+,15,2,Germany,Hainstadt,Hainstadt,Very Good,10,10,2018,28
Red point,8,8,14,2,Germany,Hainstadt,Hainstadt,Very Good,10,6,2018,40
Red point,6+,6+,14,2,Germany,Hainstadt,Hainstadt,Classic,10,6,2018,28
Red point,7-,7-,13,2,Germany,Hainstadt,Hainstadt,Classic,10,6,2018,30
Red point,6-,6-,13,1,Germany,Hainstadt,Hainstadt,Average,10,6,2018,22
Flash,5,5,15,2,Germany,Taunus,Taunus - Zacken - Großer Zacken,Very Good,10,3,2018,18
Flash,4+,4+,15,2,Germany,Taunus,Taunus - Zacken - Großer Zacken,Good,10,3,2018,15
Flash,6+,6+,15,2,Germany,Taunus,Taunus - Zacken - Großer Zacken,Good,10,3,2018,28
Flash,6-,6-,15,2,Germany,Taunus,Taunus - Zacken - Großer Zacken,Good,10,3,2018,22
Flash,4-,4-,15,1,Germany,Taunus,Taunus - Zacken - Großer Zacken,Average,10,3,2018,13
Red point,6/6+,6+,23,3,Germany,Bessenbach,Bessenbach - Amphitheater,Classic,22,9,2018,26
Red point,7+/8-,7+,14,2,Germany,Bessenbach,Bessenbach - Amphitheater,Very Good,22,9,2018,36
Flash,6+,6+,20,2,Germany,Bessenbach,Bessenbach - Schutthalde,Very Good,15,9,2018,28
Red point,6+,6+,16,3,Germany,Bessenbach,Bessenbach - Schutthalde,Very Good,15,9,2018,28
Red point,7-,7-,12,0,Germany,Bessenbach,Bessenbach - Schutthalde,Average,15,9,2018,30
Red point,7-,7-,12,2,Germany,Bessenbach,Bessenbach - Schutthalde,Very Good,15,9,2018,30
Flash,5-,4+ 4b,17,2,Germany,Schriesheim,Schriesheim - 3. Wandstufe,Very Good,9,9,2018,16
Flash,6-,6-,75,3,Germany,Donautal,Donautal - Schreyfels - Dülferverschneidung,Mega Classic,9,1,2018,22
Flash,5c,5c,25,3,France,Vosges du Nord,Vosges du Nord - Château du Waldeck - Courant d'air,Mega Classic,8,5,2018,24
Flash,5c,5c,16,2,France,Vosges du Nord,Vosges du Nord - Windstein - Capitaine Crochet,Classic,8,4,2018,24
Flash,6a,6a,18,3,France,Vosges du Nord,Vosges du Nord - Rocher Philippe,Mega Classic,8,3,2018,28
Red point,7+,7+,13,2,Germany,Frankenjura Nord,Frankenjura Nord - Fränkische Schweiz - Obertrubach - Reichelsmühler Wand,Mega Classic,20,7,2018,34
Flash,6,6,13,1,Germany,Frankenjura Nord,Frankenjura Nord - Fränkische Schweiz - Obertrubach - Reichelsmühler Wand,Very Good,20,7,2018,24
Flash,7-,7-,8,2,Germany,Frankenjura Nord,Frankenjura Nord - Fränkische Schweiz - Obertrubach - Reichelsmühler Wand,Very Good,20,7,2018,30
Flash,7-,7-,30,2,Germany,Heubach,Heubach,Classic,7,10,2018,30
Flash,6,6,30,2,Germany,Heubach,Heubach,Classic,7,10,2018,24
Flash,5+,5+,10,1,Germany,Heubach,Heubach,Good,7,10,2018,20
Flash,6a,6a,22,2,Luxembourg,Berdorf,Berdorf - Infernale,Very Good,7,1,2018,28
Flash,6b,6b,20,2,Luxembourg,Berdorf,Berdorf - Infernale,Classic,7,1,2018,32
Flash,5c+,5c,22,1,Luxembourg,Berdorf,Berdorf - Tempête,Good,30,6,2018,26
Red point,6c+,6c+,25,2,Luxembourg,Berdorf,Berdorf - Infernale,Classic,30,6,2018,38
Flash,5c+,5c+,25,2,Luxembourg,Berdorf,Berdorf - Gentiane,Very Good,29,6,2018,26
Flash,7-,7-,20,3,Germany,Ziegelhausen,Ziegelhausen - Ziegelhausen II,Mega Classic,6,3,2018,30
Flash,6c,6c,25,2,Greece,Kalymnos,Kalymnos - Sikati Bay - The Beach,Very Good,19,5,2018,36
Flash,5c+,5c+,25,1,Greece,Kalymnos,Kalymnos - Telendos - Glaros,Very Good,18,5,2018,26
Flash,6a+,6a+,25,1,Greece,Kalymnos,Kalymnos - Telendos - Glaros,Very Good,18,5,2018,30
Red point,7a,7a,20,2,Greece,Kalymnos,Kalymnos - Telendos - Glaros,Classic,18,5,2018,40
Red point,7a,7a,30,2,Greece,Kalymnos,Kalymnos - Armeos - Grande Grotta,Mega Classic,17,5,2018,40
Red point,6a,5c+,15,1,Greece,Kalymnos,Kalymnos - Armeos - Grande Grotta,Very Good,17,5,2018,28
Flash,6b,6b,20,2,Greece,Kalymnos,Kalymnos - Palionisos - Secret Garden,Very Good,15,5,2018,32
Flash,6c,6c,20,2,Greece,Kalymnos,Kalymnos - Palionisos - Secret Garden,Very Good,15,5,2018,36
Red point,6c,6c,20,2,Greece,Kalymnos,Kalymnos - Palionisos - Secret Garden,Very Good,15,5,2018,36
Flash,5c,5c,25,1,Greece,Kalymnos,Kalymnos - Palionisos - Secret Garden,Very Good,15,5,2018,24
Red point,6c+,7a,18,2,Greece,Kalymnos,Kalymnos - Arginonta - Arginonta Valley - Diagoras Cave,Mega Classic,14,5,2018,38
Flash,6c+,6c+,25,3,Greece,Kalymnos,Kalymnos - Skalia - Ghost Kitchen - Ghost Kitchen,Very Good,13,5,2018,38
Flash,6a+,6a+,18,2,Greece,Kalymnos,Kalymnos - Sikati Bay - The Beach,Very Good,5,11,2018,30
Flash,6a,6a,18,0,Greece,Kalymnos,Kalymnos - Sikati Bay - The Beach,Good,5,11,2018,28
Flash,6b,6b,20,1,Greece,Kalymnos,Kalymnos - Sikati Bay - The Beach,Very Good,5,11,2018,32
Flash,5c+,5c+,20,3,Greece,Kalymnos,Kalymnos - Sikati Bay - The Beach,Good,5,11,2018,26
Red point,7a,7a,15,3,Greece,Kalymnos,Kalymnos - Arginonta - Arhi - Arhi Main,Very Good,5,10,2018,40
Flash,6a,6a,25,1,Greece,Kalymnos,Kalymnos - Arginonta - Arhi - Arhi Main,Good,5,10,2018,28
Flash,5c,5c,20,2,Greece,Kalymnos,Kalymnos - Armeos - Dolphin Bay,Classic,5,9,2018,24
Flash,6b,6b,20,2,Greece,Kalymnos,Kalymnos - Armeos - Dolphin Bay,Very Good,5,9,2018,32
Flash,6a,6a,20,2,Greece,Kalymnos,Kalymnos - Armeos - Dolphin Bay,Classic,5,9,2018,28
Flash,5c+,5c+,20,1,Greece,Kalymnos,Kalymnos - Armeos - Dolphin Bay,Very Good,5,9,2018,26
Red point,6,6,13,2,Germany,Hainstadt,Hainstadt,Average,29,4,2018,24
Flash,6a+,6a+,18,2,France,Vosges du Nord,Vosges du Nord - Rocher Philippe,Mega Classic,15,4,2018,30
Flash,5b+,5b+,12,1,France,Vosges du Nord,Vosges du Nord - Château du Waldeck - Les mains noires,Very Good,15,4,2018,23
Flash,5c+,5c+,12,1,France,Vosges du Nord,Vosges du Nord - Château du Waldeck - Les mains noires,Very Good,15,4,2018,26
Flash,4c,4c,12,2,Spain,Montesa,Montesa - La Mola de Montesa - Tormo Gros oeste,Very Good,9,11,2017,18
Flash,5c,5c,12,2,Spain,Montesa,Montesa - La Mola de Montesa - Tormo Gros oeste,Very Good,9,11,2017,24
Flash,5c+/6a,6a,14,2,Spain,Montesa,Montesa - La Mola de Montesa - Tormo Gros norte,Good,9,11,2017,27
Red point,6b+,6b+,16,2,Spain,Montesa,Montesa - La Mola de Montesa - Tormo Gros norte,Good,9,11,2017,34
Flash,5c,5c,16,2,Spain,Montesa,Montesa - La Mola de Montesa - Paret de la Mola,Very Good,9,11,2017,24
Flash,5c,5c,14,2,Spain,Montesa,Montesa - La Mola de Montesa - Paret de la Mola,Classic,9,11,2017,24
Flash,6a+,6a+,14,2,Spain,Montesa,Montesa - La Mola de Montesa - Paret de la Mola,Good,9,11,2017,30
Flash,6a,6a,18,2,Spain,Buñol,Buñol - Carcalín - Corral de Cabras,Classic,9,10,2017,28
Flash,4+,4+,12,2,Spain,Buñol,Buñol - Carcalín - Corral de Cabras,Good,9,10,2017,15
Flash,5a,5a,10,1,Spain,Ontinyent,Ontinyent - La Visera,Good,9,9,2017,20
Flash,4a,4a,10,1,Spain,Ontinyent,Ontinyent - La Visera,Good,9,9,2017,14
Flash,6b+,6b+,13,3,Spain,Ontinyent,Ontinyent - La Visera,Very Good,9,9,2017,34
Flash,6a+,6a+,12,1,Spain,Ontinyent,Ontinyent - La Visera,Good,9,9,2017,30
Flash,6a+,6a+,15,2,France,Vosges du Nord,Vosges du Nord - Windstein - Cryptospit,Very Good,27,8,2017,30
Flash,6a+,6a+,15,2,France,Vosges du Nord,Vosges du Nord - Windstein - Cryptospit,Very Good,27,8,2017,30
Flash,6a+,6a+,21,0,France,Vosges du Nord,Vosges du Nord - Windstein - Cochons,Don't Bother,27,8,2017,30
Flash,6b,6b,8,2,France,Vosges du Nord,Vosges du Nord - Langenfels - Nobody is perfect,Good,26,8,2017,32
Flash,6a+,6a+,25,2,France,Vosges du Nord,Vosges du Nord - Langenfels - La grande Tour,Very Good,26,8,2017,30
Flash,6+,6+,13,2,Germany,Bessenbach,Bessenbach - Amphitheater,Very Good,25,8,2017,28
Red point,7+,7+,20,2,Germany,Bessenbach,Bessenbach - Schutthalde,Very Good,19,8,2017,34
Red point,6+,6+,16,3,Germany,Bessenbach,Bessenbach - Schutthalde,Very Good,29,7,2017,28
Red point,6+,6+,25,2,Germany,Hainstadt,Hainstadt,Very Good,23,7,2017,28
Red point,6-,6-,13,1,Germany,Hainstadt,Hainstadt,Average,23,7,2017,22
Red point,8-,8-,13,2,Germany,Hainstadt,Hainstadt,Classic,24,6,2017,38
Red point,6+,6+,14,2,Germany,Hainstadt,Hainstadt,Classic,24,6,2017,28
Red point,6c+,6c+,17,0,France,Vosges du Nord,Vosges du Nord - Windstein - Capitaine Crochet,Good,16,6,2017,38
Red point,6b,6b,25,3,France,Vosges du Nord,Vosges du Nord - Windstein - Face sud,Classic,16,6,2017,32
Red point,6,6,20,2,Germany,Bessenbach,Bessenbach - Schutthalde,Very Good,6,11,2017,24
Red point,7,7,15,2,Germany,Taunus,Taunus - Lorsbacher Wand,Very Good,6,10,2017,32
Red point,5+,5+,14,2,Germany,Taunus,Taunus - Lorsbacher Wand,Very Good,6,10,2017,20
Flash,5c+,5c+,18,2,Greece,Kalymnos,Kalymnos - Armeos - Odyssey,Classic,6,4,2017,26
Red point,6c,6c,18,2,Greece,Kalymnos,Kalymnos - Armeos - Odyssey,Good,6,4,2017,36
Red point,6c,6c,15,1,Greece,Kalymnos,Kalymnos - Palionisos - Secret Garden,Very Good,6,2,2017,36
Flash,5c,5c,25,1,Greece,Kalymnos,Kalymnos - Palionisos - Secret Garden,Very Good,6,2,2017,24
Flash,6b,6b,18,1,Greece,Kalymnos,Kalymnos - Palionisos - Secret Garden,Very Good,6,2,2017,32
Red point,6c,6c,25,3,Greece,Kalymnos,Kalymnos - Palionisos - Secret Garden,Classic,6,2,2017,36
Red point,6c,6c,8,2,Greece,Kalymnos,Kalymnos - Kamari - Symplegades,Very Good,31,5,2017,36
Flash,6a+,6a+,25,1,Greece,Kalymnos,Kalymnos - Arginonta - Arginonta,Good,30,5,2017,30
Red point,6b,6b,15,2,Greece,Kalymnos,Kalymnos - Arginonta - Arginonta,Very Good,30,5,2017,32
Flash,6a,6a,20,2,Greece,Kalymnos,Kalymnos - Arginonta - Arginonta Valley - Right Wall,Average,30,5,2017,28
Red point,6a+,6a+,20,2,Greece,Kalymnos,Kalymnos - Sikati Bay - Sikati Cave,Very Good,29,5,2017,30
Flash,6b,6b,25,2,Greece,Kalymnos,Kalymnos - Arginonta - Arginonta,Good,26,5,2017,32
Flash,6b,6b,15,2,Greece,Kalymnos,Kalymnos - Arginonta - Arginonta,Very Good,26,5,2017,32
Flash,5c+,5c+,18,3,Greece,Kalymnos,Kalymnos - Arginonta - Arginonta,Classic,26,5,2017,26
Flash,6b+,6b+,25,2,Greece,Kalymnos,Kalymnos - Myrties - Trois Îlots,Very Good,25,5,2017,34
Flash,6a,6a,35,3,Greece,Kalymnos,Kalymnos - Myrties - Trois Îlots,Mega Classic,25,5,2017,28
Flash,6b,6a+,25,2,Greece,Kalymnos,Kalymnos - Armeos - Grande Grotta,Good,24,5,2017,32
Flash,5c,5c,17,1,Greece,Kalymnos,Kalymnos - Armeos - Afternoon,Good,24,5,2017,24
Flash,6a+,6a+,20,2,Greece,Kalymnos,Kalymnos - Armeos - Kasteli,Good,23,5,2017,30
Flash,6a,6a,25,3,Greece,Kalymnos,Kalymnos - Armeos - Kasteli,Very Good,23,5,2017,28
Flash,5c,5c,12,1,Greece,Kalymnos,Kalymnos - Armeos - Kasteli,Good,23,5,2017,24
Flash,6,6,22,1,Germany,Schriesheim,Schriesheim - 4. Wandstufe,Good,30,4,2017,24
Flash,6,6,17,2,Germany,Schriesheim,Schriesheim - 4. Wandstufe,Very Good,30,4,2017,24
Flash,7-,7-,20,2,Germany,Schriesheim,Schriesheim - 4. Wandstufe,Very Good,30,4,2017,30
Red point,7-,7-,13,2,Germany,Hainstadt,Hainstadt,Classic,14,4,2017,30
Red point,7+,7+,14,2,Germany,Hainstadt,Hainstadt,Very Good,4,9,2017,34
Red point,7,7,15,2,Germany,Hainstadt,Hainstadt,Very Good,4,9,2017,32
Red point,6+,6+,14,2,Germany,Hainstadt,Hainstadt,Classic,4,2,2017,28
Red point,7,7,20,2,Germany,Hainstadt,Hainstadt,Classic,4,2,2017,32
Red point,6-,6-,13,1,Germany,Hainstadt,Hainstadt,Average,4,2,2017,22
Flash,7+,7+,12,1,Germany,Bessenbach,Bessenbach - Schutthalde,Good,25,3,2017,34
Red point,6+,6+,16,3,Germany,Bessenbach,Bessenbach - Schutthalde,Very Good,25,3,2017,28
Flash,6,6,20,2,Germany,Bessenbach,Bessenbach - Schutthalde,Very Good,25,3,2017,24
Flash,5c,5c,22,1,France,Orpierre,Orpierre - Château - L'étrangleur,Good,10,5,2016,24
Red point,6b,6b,16,2,Spain,Siurana,Siurana - Can Melafots,Classic,29,9,2016,32
Flash,6a+,6a+,20,2,Spain,Siurana,Siurana - Can Melafots,Classic,28,9,2016,30
Red point,5+,5+,15,2,Spain,Siurana,Siurana - Can Melafots,Good,28,9,2016,20
Flash,4b+,4b+,16,1,Spain,Camarasa,Camarasa - Marcant Estil,Good,17,9,2016,17
Flash,6a,6a,15,1,Spain,Camarasa,Camarasa - Marcant Estil,Very Good,16,9,2016,28
Flash,5c,5c,16,2,Spain,Camarasa,Camarasa - Marcant Estil,Very Good,16,9,2016,24
Flash,6a+,6b,10,2,Spain,Camarasa,Camarasa - Marcant Estil,Classic,16,9,2016,30
Flash,6a,6a,16,1,Spain,Camarasa,Camarasa - Marcant Estil,Classic,15,9,2016,28
Red point,6a+,6a+,15,2,Italy,Finale Ligure,Finale Ligure - Arene Candide - Il Cimitero,Classic,9,8,2016,30
Flash,5b,5b,10,1,Italy,Finale Ligure,Finale Ligure - Arene Candide - Il Cimitero,Good,9,8,2016,22
Flash,4b,4b,12,1,Italy,Finale Ligure,Finale Ligure - Arene Candide - Il Cimitero,Good,9,8,2016,16
Red point,6-,6-,13,1,Germany,Hainstadt,Hainstadt,Average,16,7,2016,22
Flash,6,6,9,2,Germany,Bessenbach,Bessenbach - Kindergarten,Classic,15,5,2016,24
Flash,5,5,10,0,Germany,Bessenbach,Bessenbach - Kindergarten,Good,15,5,2016,18
Flash,5+,5+,7,1,Germany,Frankenjura Nord,Frankenjura Nord - Hersbrucker Schweiz - Neuhaus - Weißenstein,Very Good,13,5,2016,20
Flash,5+,5+,12,1,Germany,Frankenjura Nord,Frankenjura Nord - Hersbrucker Schweiz - Neuhaus - Weißenstein,Good,13,5,2016,20
Flash,6-,6-,15,2,Germany,Frankenjura Nord,Frankenjura Nord - Hersbrucker Schweiz - Neuhaus - Weißenstein,Very Good,13,5,2016,22
Red point,7-,7-,15,2,Germany,Frankenjura Nord,Frankenjura Nord - Hersbrucker Schweiz - Neuhaus - Weißenstein,Classic,13,5,2016,30
Flash,6a,6a,32,1,Spain,Siurana,Siurana - Espero Primavera,Very Good,27,3,2016,28
Flash,6a,6a,20,1,Spain,Siurana,Siurana - L'Herbolari,Classic,27,3,2016,28
Flash,6a,6a,30,2,Spain,Siurana,Siurana - L'Herbolari,Classic,27,3,2016,28
Red point,5+,5+,18,2,Spain,Siurana,Siurana - Can Melafots,Very Good,26,3,2016,20
Flash,6a,6a,15,1,Spain,Siurana,Siurana - Can Melafots,Good,26,3,2016,28
Red point,7a,7a,20,2,Spain,Siurana,Siurana - Ca l'Isabel,Very Good,26,3,2016,40
Flash,5+,5+,18,1,Spain,Siurana,Siurana - Can Marges De Dalt,Good,24,3,2016,20
Flash,5+,5+,15,1,Spain,Siurana,Siurana - Can Melafots,Very Good,24,3,2016,20
Flash,5+,5+,15,2,Spain,Siurana,Siurana - Can Melafots,Good,24,3,2016,20
Flash,5+,5+,18,2,Spain,Siurana,Siurana - Can Melafots,Very Good,23,3,2016,20
Red point,6,6,15,1,Germany,Hainstadt,Hainstadt,Very Good,13,3,2016,24
Red point,6+,6+,6,1,Germany,Hainstadt,Hainstadt,Very Good,13,3,2016,28
Red point,6b,6b,18,2,Spain,El Chorro,El Chorro - Frontales - Frontales Medias - Poema de Roca,Classic,11,2,2015,32
Flash,6a,6a,30,2,Spain,El Chorro,El Chorro - Corral East,Classic,30,10,2015,28
Flash,6a,6a,28,3,Spain,El Chorro,El Chorro - Frontales - Frontales Bajas - Los Albercones,Mega Classic,30,10,2015,28
Flash,4+,4+,10,0,Spain,El Chorro,El Chorro - Frontales - Frontales Bajas - Castrojo,Don't Bother,30,10,2015,15
Flash,6a+,6a+,14,1,Spain,El Chorro,El Chorro - Encantadas Area - Las Encantadas,Very Good,30,10,2015,30
Flash,5c,5+,20,1,Spain,El Chorro,El Chorro - Encantadas Area - Cocina Caliente,Very Good,29,10,2015,24
Flash,5c,5+,20,2,Spain,El Chorro,El Chorro - Encantadas Area - Cocina Caliente,Good,29,10,2015,24
Red point,8-,8-,13,2,Germany,Hainstadt,Hainstadt,Classic,24,10,2015,38
Flash,6a,6a,13,2,Italy,Nago,Nago - Belvedere - Sector B,Good,10,11,2015,28
Flash,6a,6a,110,2,Italy,Regina del Lago,Regina del Lago - Sector C,Very Good,10,10,2015,28
Flash,5c,5c,30,2,Italy,Nago,Nago - Falesia Segrom - Sector E,Very Good,10,8,2015,24
Flash,6,6-,28,2,Germany,Schriesheim,Schriesheim - 4. Wandstufe,Very Good,9,6,2015,24
Flash,5c+,6a,40,2,France,Vosges du Nord,Vosges du Nord - Obersteinbach - Wachtfels - Secteur des Dalles 1,Very Good,8,2,2015,26
Flash,6a,6a,25,2,France,Vosges du Nord,Vosges du Nord - Windstein - Capitaine Crochet,Classic,8,2,2015,28
Flash,6a,6a,12,1,France,Vosges du Nord,Vosges du Nord - Langenfels - Andros,Very Good,8,1,2015,28
Red point,6b,6b,12,1,France,Vosges du Nord,Vosges du Nord - Langenfels - Andros,Very Good,8,1,2015,32
Flash,6a+,6a+,13,2,France,Vosges du Nord,Vosges du Nord - Langenfels - Andros,Classic,8,1,2015,30
Red point,7+,7+,13,1,Germany,Hainstadt,Hainstadt,Good,26,7,2015,34
Flash,5+,5+,14,2,Germany,Taunus,Taunus - Lorsbacher Wand,Very Good,28,6,2015,20
Red point,7,5.10c,15,2,Germany,Taunus,Taunus - Lorsbacher Wand,Very Good,28,6,2015,32
Flash,6-,6-,22,1,Germany,Schriesheim,Schriesheim - 3. Wandstufe,Good,22,6,2015,22
Flash,7-,7-,16,2,Germany,Schriesheim,Schriesheim - 3. Wandstufe,Classic,22,6,2015,30
Flash,5,5,13,1,Germany,Hainstadt,Hainstadt,Good,6,8,2015,18
Flash,6-,6-,13,1,Germany,Hainstadt,Hainstadt,Average,6,8,2015,22
Red point,7-,7-,13,2,Germany,Hainstadt,Hainstadt,Classic,6,8,2015,30
Flash,6+,6+,14,2,Germany,Hainstadt,Hainstadt,Classic,6,8,2015,28
Flash,6,6,13,2,Germany,Hainstadt,Hainstadt,Average,6,8,2015,24
Red point,6+,6+,6,1,Germany,Hainstadt,Hainstadt,Very Good,24,5,2015,28
Flash,6+,6+,25,3,Germany,Hainstadt,Hainstadt,Mega Classic,24,5,2015,28
Flash,6,6,15,1,Germany,Hainstadt,Hainstadt,Very Good,24,5,2015,24
Flash,6-,6-,18,2,Germany,Frankenjura Nord,Frankenjura Nord - Fränkische Schweiz - Betzenstein-Stierberg-Leupoldstein - Münchser Wand,Good,16,5,2015,22
Flash,6+,6+,25,2,Germany,Frankenjura Nord,Frankenjura Nord - Fränkische Schweiz - Mittleres Wiesenttal - Jubiläumswand,Classic,15,5,2015,28
Flash,5,5,25,2,Germany,Frankenjura Nord,Frankenjura Nord - Fränkische Schweiz - Mittleres Wiesenttal - Jubiläumswand,Good,15,5,2015,18
Flash,4,4,25,1,Germany,Frankenjura Nord,Frankenjura Nord - Fränkische Schweiz - Mittleres Wiesenttal - Jubiläumswand,Average,15,5,2015,14
Flash,16,16,45,1,Australia,Mt Tinbeerwah,Mt Tinbeerwah - Main Wall,Classic,4,8,2015,22
Flash,15,15,35,1,Australia,Mt Tinbeerwah,Mt Tinbeerwah - Main Wall,Very Good,4,8,2015,20
Flash,17,17,110,2,Australia,Mt Tibrogargan,Mt Tibrogargan - Desperation Wall,Very Good,4,8,2015,24
Flash,18,18,15,2,Australia,Mt Tibrogargan,Mt Tibrogargan - Celestial Wall,Classic,30,3,2015,28
Flash,17,17,15,2,Australia,Mt Tibrogargan,Mt Tibrogargan - Celestial Wall,Classic,30,3,2015,24
Flash,17,17,42,2,Australia,Brooyar,Brooyar - Eagle's Nest,Very Good,28,3,2015,24
Flash,16,16,15,1,Australia,Brooyar,Brooyar - Green Lane,Good,27,3,2015,22
Flash,15,15,20,1,Australia,Brooyar,Brooyar - Eagle's Nest,Very Good,27,3,2015,20
Flash,16,16,18,1,Australia,Brooyar,Brooyar - Black Stump Buttresses,Very Good,27,3,2015,22
Flash,16,16,10,2,Australia,Mackay,Mackay - Dumbleton,Good,19,3,2015,22
Flash,14,14,11,1,Australia,Mackay,Mackay - Dumbleton,Good,19,3,2015,18
Red point,21,21,15,2,Australia,Frederick Peak,Frederick Peak - South Sentinel - Supernova Wall,Classic,11,8,2014,34
Flash,18,18,9,1,Australia,Frederick Peak,Frederick Peak - South Sentinel - The Fairy Garden,Very Good,11,2,2014,28
Flash,16,16,20,1,Australia,Mt Stuart,Mt Stuart - The Playground,Very Good,21,9,2014,22
Flash,6,6,10,1,Germany,Frankenjura Nord,Frankenjura Nord - Fränkische Schweiz - Gößweinstein - Elfenwelt - Sektor Patsy,Good,20,8,2013,24
